INSERT INTO `builders` (`id`, `name`, `created_at`, `updated_at`) VALUES
(1, 'Foto', NULL, NULL),
(2, 'Tradicinio formato nuotraukos', NULL, NULL),
(3, 'Didelio formato nuotraukos', NULL, NULL),
(4, 'Prekės', NULL, NULL),
(5, 'Fotodrobės su porėmiu', NULL, NULL);
INSERT INTO `categories` (`id`, `name`, `created_at`, `updated_at`) VALUES
(4, 'Internetinės paslaugos', '2021-07-07 08:37:07', '2021-07-07 08:37:07'),
(5, 'Paslaugos atliekamos salone', '2021-07-07 08:37:13', '2021-07-07 08:37:13'),
(6, 'Rėmeliai', '2021-09-13 08:04:31', '2021-09-13 08:04:31'),
(7, 'Foto juostos', '2021-09-13 14:24:57', '2021-09-13 14:24:57');
INSERT INTO `category_product` (`category_id`, `product_id`) VALUES
(4, 11),
(4, 12),
(4, 13),
(4, 15),
(5, 16),
(5, 17),
(5, 18),
(5, 19),
(5, 20),
(5, 22),
(5, 23),
(4, 9),
(4, 8),
(5, 21),
(6, 26),
(4, 14),
(4, 10);
INSERT INTO `products` (`id`, `title`, `description`, `price`, `image`, `builder_id`, `created_at`, `updated_at`) VALUES
(8, 'Tradicinio formato nuotraukos', 'Aprašymas', 100.00, 'tradicinio-formato-nuotraukos.png', 2, '2021-07-07 08:38:24', '2021-08-17 04:10:40'),
(9, 'Didelio formato nuotraukos', 'Aprašymas', 100.00, 'didelio-formato-nuotraukos.png', 3, '2021-07-07 08:39:16', '2021-09-06 09:39:35'),
(10, 'Fotodrobės su porėmiu', 'Aprašymas', 100.00, 'fotodrobes-su-poremiu.png', 5, '2021-07-07 08:39:56', '2021-09-14 11:29:25'),
(11, 'Tradicinio formato nuotraukos', 'Aprašymas', 100.00, 'fotodrobes-su-poremiu-2.png', 1, '2021-07-07 08:40:29', '2021-07-07 08:40:29'),
(12, 'Koliažas ant archyvinio fotopopieriaus', 'Aprašymas', 100.00, 'koliazas-ant-archyvinio-popieriaus.png', 1, '2021-07-07 09:48:53', '2021-07-07 09:48:53'),
(13, 'Koliažas ant fotodrobės', 'Aprašymas', 100.00, 'koliazas-ant-fotodrobes.png', 1, '2021-07-07 09:49:31', '2021-07-07 09:49:31'),
(14, 'Fotoprekės', 'Aprašymas', 100.00, 'fotoprekes.png', 4, '2021-07-07 09:51:17', '2021-09-13 13:55:48'),
(15, 'Fotodrobės su porėmiu', 'Aprašymas', 505.00, 'fotoprekes-2.png', 1, '2021-07-07 09:51:52', '2021-07-07 09:51:52'),
(16, 'Plačiaformatė spauda', 'Aprašymas', 100.00, 'placiaformate-spauda.png', 1, '2021-07-07 10:43:00', '2021-07-07 10:43:00'),
(17, 'Fotojuostų ryškinimas', 'Aprašymas', 100.00, 'fotojuostu-ryskinimas.png', 1, '2021-07-07 10:43:31', '2021-07-07 10:43:31'),
(18, 'Spausdinimas iš negatyviu ir pozityvių juostų', 'Aprašymas', 100.00, 'spausdinimas-is-juostu.png', 1, '2021-07-07 10:44:18', '2021-07-07 10:44:18'),
(19, 'Negatyvų skenavimas', 'Aprašymas', 100.00, 'negatyvu-skanavimas.png', 1, '2021-07-07 10:45:11', '2021-07-07 10:45:11'),
(20, 'Nuotraukos dokumentams', 'Aprašymas', 100.00, 'nuotraukos-dokumentams.png', 1, '2021-07-07 10:45:58', '2021-07-07 10:45:58'),
(21, 'Prekės', 'Aprašymas', 100.00, 'prekes.png', 4, '2021-07-07 10:46:27', '2021-09-09 12:15:56'),
(22, 'Rėminimas', 'Aprašymas', 100.00, 'reminimas.png', 1, '2021-07-07 10:46:51', '2021-07-07 10:46:51'),
(23, 'Nuotraukų restauravimas', 'Aprašymas', 100.00, 'nuotrauku-restauravimas.png', 1, '2021-07-07 10:47:17', '2021-07-07 10:47:17'),
(26, 'Rėmelis', 'Rėmelis skritas nuotraukai įrėminti', 20.99, 'plastikinis-nuotrauku-remelis-photo-60x80-cm_large.jpg', 4, '2021-09-13 11:31:27', '2021-09-13 11:31:27');
INSERT INTO `product_variation` (`product_id`, `variation_id`) VALUES
(8, 9),
(8, 11),
(8, 12),
(8, 4),
(8, 8),
(8, 10),
(9, 7),
(9, 12),
(9, 9),
(9, 10),
(9, 15),
(10, 7),
(10, 16),
(10, 9),
(10, 12);
INSERT INTO `values` (`id`, `name`, `price`, `created_at`, `updated_at`) VALUES
(6, '10x10', 10, '2021-08-18 09:45:12', '2021-08-18 09:45:12'),
(7, '10x15', 10, '2021-08-18 09:45:12', '2021-08-18 09:45:12'),
(8, '13x20', 10, '2021-08-18 09:45:12', '2021-08-18 09:45:12'),
(9, '15x15', 10, '2021-08-18 09:45:12', '2021-08-18 09:45:12'),
(10, '15x21', 10, '2021-08-18 09:45:12', '2021-08-18 09:45:12'),
(11, '15x23', 10, '2021-08-18 09:45:12', '2021-08-18 09:45:12'),
(12, '20x20', 10, '2021-08-18 09:45:12', '2021-08-18 09:45:12'),
(13, '21x29.7', 10, '2021-08-18 09:45:12', '2021-08-18 09:45:12'),
(16, 'Matinis', 20, '2021-09-06 11:53:04', '2021-09-06 11:53:04'),
(17, 'Blizgus', 30, '2021-09-06 11:53:04', '2021-09-06 11:53:04'),
(18, 'Nespalvota', 20, '2021-09-06 12:11:06', '2021-09-06 12:11:06'),
(19, 'Sepia', 30, '2021-09-06 12:11:06', '2021-09-06 12:11:06'),
(20, 'Kadravimas', 20, '2021-09-06 12:16:10', '2021-09-06 12:16:10'),
(21, 'Įtalpinimas', 30, '2021-09-06 12:16:10', '2021-09-06 12:16:10'),
(22, 'Baltas', 20, '2021-09-06 12:43:43', '2021-09-06 12:43:43'),
(23, 'Taikyti', 20, '2021-09-06 12:46:42', '2021-09-06 12:46:42'),
(24, 'Netaikyti', 0, '2021-09-06 12:46:42', '2021-09-08 13:09:14'),
(26, '1234', 1234, '2021-09-08 11:04:52', '2021-09-08 11:04:52'),
(27, 'admin', 20, '2021-09-09 09:22:34', '2021-09-09 09:22:34'),
(28, 'Canon PRO 4000', 20, '2021-09-13 08:14:13', '2021-09-13 08:14:13'),
(29, ' Canon iPF 8400', 30, '2021-09-13 08:14:13', '2021-09-13 08:14:13'),
(30, 'Epson SC- S706', 40, '2021-09-13 08:14:13', '2021-09-13 08:14:13'),
(31, 'ND Satin', 10, '2021-09-13 10:08:19', '2021-09-13 10:08:19'),
(32, 'Photo Rag', 20, '2021-09-13 10:08:19', '2021-09-13 10:08:19'),
(33, 'Portrait White', 30, '2021-09-13 10:08:19', '2021-09-13 10:08:19'),
(34, 'Easy Whiteback', 40, '2021-09-13 10:08:19', '2021-09-13 10:08:19'),
(35, 'Natūrali', 10, '2021-09-14 11:42:39', '2021-09-14 11:42:39'),
(36, 'Sintetinė', 20, '2021-09-14 11:42:39', '2021-09-14 11:42:39');
INSERT INTO `value_variation` (`value_id`, `variation_id`) VALUES
(16, 8),
(17, 8),
(18, 9),
(19, 9),
(20, 10),
(21, 10),
(22, 11),
(6, 4),
(7, 4),
(8, 4),
(9, 4),
(10, 4),
(11, 4),
(12, 4),
(13, 4),
(23, 12),
(24, 12),
(27, 14),
(28, 7),
(29, 7),
(30, 7),
(31, 15),
(32, 15),
(33, 15),
(34, 15),
(35, 16),
(36, 16);
INSERT INTO `variations` (`id`, `name`, `created_at`, `updated_at`) VALUES
(4, 'Tradicinio formato nuotraukų dydžiai', '2021-08-18 09:40:55', '2021-08-18 09:40:55'),
(7, 'Spausdintuvai', '2021-09-06 09:41:46', '2021-09-06 09:41:46'),
(8, 'Popieriaus pasirinkimas', '2021-09-06 11:52:33', '2021-09-06 11:52:33'),
(9, 'Spalva', '2021-09-06 12:10:40', '2021-09-06 12:10:40'),
(10, 'Kadravimas', '2021-09-06 12:15:56', '2021-09-06 12:15:56'),
(11, 'Rėmelis', '2021-09-06 12:43:23', '2021-09-06 12:43:23'),
(12, 'Korekcija', '2021-09-06 12:45:55', '2021-09-08 12:08:54'),
(14, 'test', '2021-09-09 09:22:26', '2021-09-09 09:22:26'),
(15, 'Popieriaus pasirinkimas', '2021-09-13 11:19:35', '2021-09-13 11:19:35'),
(16, 'Drobė', '2021-09-14 11:41:39', '2021-09-14 11:41:39');
